{
  "properties" : { },
  "id" : "b5677dc3b1a54d0f8215aa799c1dd07b",
  "script" : null,
  "groupId" : "datasource:0",
  "name" : "slave",
  "createTime" : 1646304481381,
  "updateTime" : null,
  "lock" : null,
  "createBy" : null,
  "updateBy" : null,
  "url" : "jdbc:mysql://39.102.34.22:3306/charming?allowMultiQueries=true&useUnicode=true&characterEncoding=UTF-8",
  "username" : "root",
  "password" : "root",
  "key" : "slave",
  "maxRows" : -1,
  "driverClassName" : "com.mysql.jdbc.Driver",
  "type" : "com.alibaba.druid.pool.DruidDataSource"
}